DATAFLOW,LAST UPDATE,freq,coicop,unit,geo,TIME_PERIOD,OBS_VALUE,OBS_FLAG,CONF_STATUS
ESTAT:TEICP030(1.0),19/11/25 11:00:00,Monthly,Clothing and footwear,"Index, 2015=100",Albania,2024-11,111.23,d,
ESTAT:TEICP030(1.0),19/11/25 11:00:00,Monthly,Clothing and footwear,"Index, 2015=100",Albania,2024-12,111.52,d,
ESTAT:TEICP030(1.0),19/11/25 11:00:00,Monthly,Clothing and footwear,"Index, 2015=100",Albania,2025-01,111.12,d,
ESTAT:TEICP030(1.0),19/11/25 11:00:00,Monthly,Clothing and footwear,"Index, 2015=100",Albania,2025-02,110.43,d,
ESTAT:TEICP030(1.0),19/11/25 11:00:00,Monthly,Clothing and footwear,"Index, 2015=100",Albania,2025-03,110.47,d,
ESTAT:TEICP030(1.0),19/11/25 11:00:00,Monthly,Clothing and footwear,"Index, 2015=100",Albania,2025-04,110.15,d,
ESTAT:TEICP030(1.0),19/11/25 11:00:00,Monthly,Clothing and footwear,"Index, 2015=100",Albania,2025-05,110.16,d,
ESTAT:TEICP030(1.0),19/11/25 11:00:00,Monthly,Clothing and footwear,"Index, 2015=100",Albania,2025-06,109.66,d,
ESTAT:TEICP030(1.0),19/11/25 11:00:00,Monthly,Clothing and footwear,"Index, 2015=100",Albania,2025-07,109.48,d,
ESTAT:TEICP030(1.0),19/11/25 11:00:00,Monthly,Clothing and footwear,"Index, 2015=100",Albania,2025-08,110.17,d,
ESTAT:TEICP030(1.0),19/11/25 11:00:00,Monthly,Clothing and footwear,"Index, 2015=100",Albania,2025-09,111.22,d,
ESTAT:TEICP030(1.0),19/11/25 11:00:00,Monthly,Clothing and footwear,"Index, 2015=100",Albania,2025-10,112.45,d,
ESTAT:TEICP030(1.0),19/11/25 11:00:00,Monthly,Clothing and footwear,"Index, 2015=100",Austria,2024-11,117.55,,
ESTAT:TEICP030(1.0),19/11/25 11:00:00,Monthly,Clothing and footwear,"Index, 2015=100",Austria,2024-12,116.84,,
ESTAT:TEICP030(1.0),19/11/25 11:00:00,Monthly,Clothing and footwear,"Index, 2015=100",Austria,2025-01,106.26,,
ESTAT:TEICP030(1.0),19/11/25 11:00:00,Monthly,Clothing and footwear,"Index, 2015=100",Austria,2025-02,107.38,,
ESTAT:TEICP030(1.0),19/11/25 11:00:00,Monthly,Clothing and footwear,"Index, 2015=100",Austria,2025-03,115.31,,
ESTAT:TEICP030(1.0),19/11/25 11:00:00,Monthly,Clothing and footwear,"Index, 2015=100",Austria,2025-04,115.37,,
ESTAT:TEICP030(1.0),19/11/25 11:00:00,Monthly,Clothing and footwear,"Index, 2015=100",Austria,2025-05,114.11,,
ESTAT:TEICP030(1.0),19/11/25 11:00:00,Monthly,Clothing and footwear,"Index, 2015=100",Austria,2025-06,110.6,,
ESTAT:TEICP030(1.0),19/11/25 11:00:00,Monthly,Clothing and footwear,"Index, 2015=100",Austria,2025-07,102.13,,
ESTAT:TEICP030(1.0),19/11/25 11:00:00,Monthly,Clothing and footwear,"Index, 2015=100",Austria,2025-08,103.58,,
ESTAT:TEICP030(1.0),19/11/25 11:00:00,Monthly,Clothing and footwear,"Index, 2015=100",Austria,2025-09,115.08,,
ESTAT:TEICP030(1.0),19/11/25 11:00:00,Monthly,Clothing and footwear,"Index, 2015=100",Austria,2025-10,119.25,,
ESTAT:TEICP030(1.0),19/11/25 11:00:00,Monthly,Clothing and footwear,"Index, 2015=100",Belgium,2024-11,125.03,,
ESTAT:TEICP030(1.0),19/11/25 11:00:00,Monthly,Clothing and footwear,"Index, 2015=100",Belgium,2024-12,121.96,,
ESTAT:TEICP030(1.0),19/11/25 11:00:00,Monthly,Clothing and footwear,"Index, 2015=100",Belgium,2025-01,86.54,,
ESTAT:TEICP030(1.0),19/11/25 11:00:00,Monthly,Clothing and footwear,"Index, 2015=100",Belgium,2025-02,118.17,,
ESTAT:TEICP030(1.0),19/11/25 11:00:00,Monthly,Clothing and footwear,"Index, 2015=100",Belgium,2025-03,115.34,,
ESTAT:TEICP030(1.0),19/11/25 11:00:00,Monthly,Clothing and footwear,"Index, 2015=100",Belgium,2025-04,115.81,,
ESTAT:TEICP030(1.0),19/11/25 11:00:00,Monthly,Clothing and footwear,"Index, 2015=100",Belgium,2025-05,116.31,,
ESTAT:TEICP030(1.0),19/11/25 11:00:00,Monthly,Clothing and footwear,"Index, 2015=100",Belgium,2025-06,116.57,,
ESTAT:TEICP030(1.0),19/11/25 11:00:00,Monthly,Clothing and footwear,"Index, 2015=100",Belgium,2025-07,90.5,,
ESTAT:TEICP030(1.0),19/11/25 11:00:00,Monthly,Clothing and footwear,"Index, 2015=100",Belgium,2025-08,116.77,,
ESTAT:TEICP030(1.0),19/11/25 11:00:00,Monthly,Clothing and footwear,"Index, 2015=100",Belgium,2025-09,119.61,,
ESTAT:TEICP030(1.0),19/11/25 11:00:00,Monthly,Clothing and footwear,"Index, 2015=100",Belgium,2025-10,121.82,,
ESTAT:TEICP030(1.0),19/11/25 11:00:00,Monthly,Clothing and footwear,"Index, 2015=100",Bulgaria,2024-11,110.51,,
ESTAT:TEICP030(1.0),19/11/25 11:00:00,Monthly,Clothing and footwear,"Index, 2015=100",Bulgaria,2024-12,109.28,,
ESTAT:TEICP030(1.0),19/11/25 11:00:00,Monthly,Clothing and footwear,"Index, 2015=100",Bulgaria,2025-01,104.9,,
ESTAT:TEICP030(1.0),19/11/25 11:00:00,Monthly,Clothing and footwear,"Index, 2015=100",Bulgaria,2025-02,102.92,,
ESTAT:TEICP030(1.0),19/11/25 11:00:00,Monthly,Clothing and footwear,"Index, 2015=100",Bulgaria,2025-03,102.08,,
ESTAT:TEICP030(1.0),19/11/25 11:00:00,Monthly,Clothing and footwear,"Index, 2015=100",Bulgaria,2025-04,109.83,,
ESTAT:TEICP030(1.0),19/11/25 11:00:00,Monthly,Clothing and footwear,"Index, 2015=100",Bulgaria,2025-05,110.36,,
ESTAT:TEICP030(1.0),19/11/25 11:00:00,Monthly,Clothing and footwear,"Index, 2015=100",Bulgaria,2025-06,109.51,,
ESTAT:TEICP030(1.0),19/11/25 11:00:00,Monthly,Clothing and footwear,"Index, 2015=100",Bulgaria,2025-07,106.17,,
ESTAT:TEICP030(1.0),19/11/25 11:00:00,Monthly,Clothing and footwear,"Index, 2015=100",Bulgaria,2025-08,104.12,,
ESTAT:TEICP030(1.0),19/11/25 11:00:00,Monthly,Clothing and footwear,"Index, 2015=100",Bulgaria,2025-09,105.45,,
ESTAT:TEICP030(1.0),19/11/25 11:00:00,Monthly,Clothing and footwear,"Index, 2015=100",Bulgaria,2025-10,112.02,,
ESTAT:TEICP030(1.0),19/11/25 11:00:00,Monthly,Clothing and footwear,"Index, 2015=100",Switzerland,2024-11,114.36,,
ESTAT:TEICP030(1.0),19/11/25 11:00:00,Monthly,Clothing and footwear,"Index, 2015=100",Switzerland,2024-12,113.91,,
ESTAT:TEICP030(1.0),19/11/25 11:00:00,Monthly,Clothing and footwear,"Index, 2015=100",Switzerland,2025-01,106.5,,
ESTAT:TEICP030(1.0),19/11/25 11:00:00,Monthly,Clothing and footwear,"Index, 2015=100",Switzerland,2025-02,109.83,,
ESTAT:TEICP030(1.0),19/11/25 11:00:00,Monthly,Clothing and footwear,"Index, 2015=100",Switzerland,2025-03,113.74,,
ESTAT:TEICP030(1.0),19/11/25 11:00:00,Monthly,Clothing and footwear,"Index, 2015=100",Switzerland,2025-04,114.63,,
ESTAT:TEICP030(1.0),19/11/25 11:00:00,Monthly,Clothing and footwear,"Index, 2015=100",Switzerland,2025-05,115.03,,
ESTAT:TEICP030(1.0),19/11/25 11:00:00,Monthly,Clothing and footwear,"Index, 2015=100",Switzerland,2025-06,113.58,,
ESTAT:TEICP030(1.0),19/11/25 11:00:00,Monthly,Clothing and footwear,"Index, 2015=100",Switzerland,2025-07,105.78,,
ESTAT:TEICP030(1.0),19/11/25 11:00:00,Monthly,Clothing and footwear,"Index, 2015=100",Switzerland,2025-08,110.42,,
ESTAT:TEICP030(1.0),19/11/25 11:00:00,Monthly,Clothing and footwear,"Index, 2015=100",Switzerland,2025-09,112.21,,
ESTAT:TEICP030(1.0),19/11/25 11:00:00,Monthly,Clothing and footwear,"Index, 2015=100",Switzerland,2025-10,114.16,,
ESTAT:TEICP030(1.0),19/11/25 11:00:00,Monthly,Clothing and footwear,"Index, 2015=100",Cyprus,2024-11,105.11,,
ESTAT:TEICP030(1.0),19/11/25 11:00:00,Monthly,Clothing and footwear,"Index, 2015=100",Cyprus,2024-12,105.33,,
ESTAT:TEICP030(1.0),19/11/25 11:00:00,Monthly,Clothing and footwear,"Index, 2015=100",Cyprus,2025-01,90.95,,
ESTAT:TEICP030(1.0),19/11/25 11:00:00,Monthly,Clothing and footwear,"Index, 2015=100",Cyprus,2025-02,91.64,,
ESTAT:TEICP030(1.0),19/11/25 11:00:00,Monthly,Clothing and footwear,"Index, 2015=100",Cyprus,2025-03,94.59,,
ESTAT:TEICP030(1.0),19/11/25 11:00:00,Monthly,Clothing and footwear,"Index, 2015=100",Cyprus,2025-04,99.49,,
ESTAT:TEICP030(1.0),19/11/25 11:00:00,Monthly,Clothing and footwear,"Index, 2015=100",Cyprus,2025-05,102.08,,
ESTAT:TEICP030(1.0),19/11/25 11:00:00,Monthly,Clothing and footwear,"Index, 2015=100",Cyprus,2025-06,101.99,,
ESTAT:TEICP030(1.0),19/11/25 11:00:00,Monthly,Clothing and footwear,"Index, 2015=100",Cyprus,2025-07,88.36,,
ESTAT:TEICP030(1.0),19/11/25 11:00:00,Monthly,Clothing and footwear,"Index, 2015=100",Cyprus,2025-08,87.33,,
ESTAT:TEICP030(1.0),19/11/25 11:00:00,Monthly,Clothing and footwear,"Index, 2015=100",Cyprus,2025-09,92.86,,
ESTAT:TEICP030(1.0),19/11/25 11:00:00,Monthly,Clothing and footwear,"Index, 2015=100",Cyprus,2025-10,96.32,,
ESTAT:TEICP030(1.0),19/11/25 11:00:00,Monthly,Clothing and footwear,"Index, 2015=100",Czechia,2024-11,150.1,,
ESTAT:TEICP030(1.0),19/11/25 11:00:00,Monthly,Clothing and footwear,"Index, 2015=100",Czechia,2024-12,149.5,,
ESTAT:TEICP030(1.0),19/11/25 11:00:00,Monthly,Clothing and footwear,"Index, 2015=100",Czechia,2025-01,146.6,,
ESTAT:TEICP030(1.0),19/11/25 11:00:00,Monthly,Clothing and footwear,"Index, 2015=100",Czechia,2025-02,145.9,,
ESTAT:TEICP030(1.0),19/11/25 11:00:00,Monthly,Clothing and footwear,"Index, 2015=100",Czechia,2025-03,146.5,,
ESTAT:TEICP030(1.0),19/11/25 11:00:00,Monthly,Clothing and footwear,"Index, 2015=100",Czechia,2025-04,146.4,,
ESTAT:TEICP030(1.0),19/11/25 11:00:00,Monthly,Clothing and footwear,"Index, 2015=100",Czechia,2025-05,146.6,,
ESTAT:TEICP030(1.0),19/11/25 11:00:00,Monthly,Clothing and footwear,"Index, 2015=100",Czechia,2025-06,146.5,,
ESTAT:TEICP030(1.0),19/11/25 11:00:00,Monthly,Clothing and footwear,"Index, 2015=100",Czechia,2025-07,144.6,,
ESTAT:TEICP030(1.0),19/11/25 11:00:00,Monthly,Clothing and footwear,"Index, 2015=100",Czechia,2025-08,144.3,,
ESTAT:TEICP030(1.0),19/11/25 11:00:00,Monthly,Clothing and footwear,"Index, 2015=100",Czechia,2025-09,145.3,,
ESTAT:TEICP030(1.0),19/11/25 11:00:00,Monthly,Clothing and footwear,"Index, 2015=100",Czechia,2025-10,146.6,,
ESTAT:TEICP030(1.0),19/11/25 11:00:00,Monthly,Clothing and footwear,"Index, 2015=100",Germany,2024-11,119.2,,
ESTAT:TEICP030(1.0),19/11/25 11:00:00,Monthly,Clothing and footwear,"Index, 2015=100",Germany,2024-12,118.6,,
ESTAT:TEICP030(1.0),19/11/25 11:00:00,Monthly,Clothing and footwear,"Index, 2015=100",Germany,2025-01,112.6,,
ESTAT:TEICP030(1.0),19/11/25 11:00:00,Monthly,Clothing and footwear,"Index, 2015=100",Germany,2025-02,113,,
ESTAT:TEICP030(1.0),19/11/25 11:00:00,Monthly,Clothing and footwear,"Index, 2015=100",Germany,2025-03,117.3,,
ESTAT:TEICP030(1.0),19/11/25 11:00:00,Monthly,Clothing and footwear,"Index, 2015=100",Germany,2025-04,118.6,,
ESTAT:TEICP030(1.0),19/11/25 11:00:00,Monthly,Clothing and footwear,"Index, 2015=100",Germany,2025-05,118.1,,
ESTAT:TEICP030(1.0),19/11/25 11:00:00,Monthly,Clothing and footwear,"Index, 2015=100",Germany,2025-06,116.2,,
ESTAT:TEICP030(1.0),19/11/25 11:00:00,Monthly,Clothing and footwear,"Index, 2015=100",Germany,2025-07,112.8,,
ESTAT:TEICP030(1.0),19/11/25 11:00:00,Monthly,Clothing and footwear,"Index, 2015=100",Germany,2025-08,112.8,,
ESTAT:TEICP030(1.0),19/11/25 11:00:00,Monthly,Clothing and footwear,"Index, 2015=100",Germany,2025-09,118.1,,
ESTAT:TEICP030(1.0),19/11/25 11:00:00,Monthly,Clothing and footwear,"Index, 2015=100",Germany,2025-10,119.8,,
ESTAT:TEICP030(1.0),19/11/25 11:00:00,Monthly,Clothing and footwear,"Index, 2015=100",Denmark,2024-11,98.6,,
ESTAT:TEICP030(1.0),19/11/25 11:00:00,Monthly,Clothing and footwear,"Index, 2015=100",Denmark,2024-12,98.4,,
ESTAT:TEICP030(1.0),19/11/25 11:00:00,Monthly,Clothing and footwear,"Index, 2015=100",Denmark,2025-01,91.8,,
ESTAT:TEICP030(1.0),19/11/25 11:00:00,Monthly,Clothing and footwear,"Index, 2015=100",Denmark,2025-02,94,,
ESTAT:TEICP030(1.0),19/11/25 11:00:00,Monthly,Clothing and footwear,"Index, 2015=100",Denmark,2025-03,97.1,,
ESTAT:TEICP030(1.0),19/11/25 11:00:00,Monthly,Clothing and footwear,"Index, 2015=100",Denmark,2025-04,98,,
ESTAT:TEICP030(1.0),19/11/25 11:00:00,Monthly,Clothing and footwear,"Index, 2015=100",Denmark,2025-05,98.5,,
ESTAT:TEICP030(1.0),19/11/25 11:00:00,Monthly,Clothing and footwear,"Index, 2015=100",Denmark,2025-06,94.8,,
ESTAT:TEICP030(1.0),19/11/25 11:00:00,Monthly,Clothing and footwear,"Index, 2015=100",Denmark,2025-07,91.7,,
ESTAT:TEICP030(1.0),19/11/25 11:00:00,Monthly,Clothing and footwear,"Index, 2015=100",Denmark,2025-08,92.6,,
ESTAT:TEICP030(1.0),19/11/25 11:00:00,Monthly,Clothing and footwear,"Index, 2015=100",Denmark,2025-09,97.6,,
ESTAT:TEICP030(1.0),19/11/25 11:00:00,Monthly,Clothing and footwear,"Index, 2015=100",Denmark,2025-10,98.9,,
ESTAT:TEICP030(1.0),19/11/25 11:00:00,Monthly,Clothing and footwear,"Index, 2015=100","Euro area (EA11-1999, EA12-2001, EA13-2007, EA15-2008, EA16-2009, EA17-2011, EA18-2014, EA19-2015, EA20-2023)",2024-11,116.25,,
ESTAT:TEICP030(1.0),19/11/25 11:00:00,Monthly,Clothing and footwear,"Index, 2015=100","Euro area (EA11-1999, EA12-2001, EA13-2007, EA15-2008, EA16-2009, EA17-2011, EA18-2014, EA19-2015, EA20-2023)",2024-12,115.16,,
ESTAT:TEICP030(1.0),19/11/25 11:00:00,Monthly,Clothing and footwear,"Index, 2015=100","Euro area (EA11-1999, EA12-2001, EA13-2007, EA15-2008, EA16-2009, EA17-2011, EA18-2014, EA19-2015, EA20-2023)",2025-01,100.59,,
ESTAT:TEICP030(1.0),19/11/25 11:00:00,Monthly,Clothing and footwear,"Index, 2015=100","Euro area (EA11-1999, EA12-2001, EA13-2007, EA15-2008, EA16-2009, EA17-2011, EA18-2014, EA19-2015, EA20-2023)",2025-02,102.27,,
ESTAT:TEICP030(1.0),19/11/25 11:00:00,Monthly,Clothing and footwear,"Index, 2015=100","Euro area (EA11-1999, EA12-2001, EA13-2007, EA15-2008, EA16-2009, EA17-2011, EA18-2014, EA19-2015, EA20-2023)",2025-03,112.64,,
ESTAT:TEICP030(1.0),19/11/25 11:00:00,Monthly,Clothing and footwear,"Index, 2015=100","Euro area (EA11-1999, EA12-2001, EA13-2007, EA15-2008, EA16-2009, EA17-2011, EA18-2014, EA19-2015, EA20-2023)",2025-04,114.99,,
ESTAT:TEICP030(1.0),19/11/25 11:00:00,Monthly,Clothing and footwear,"Index, 2015=100","Euro area (EA11-1999, EA12-2001, EA13-2007, EA15-2008, EA16-2009, EA17-2011, EA18-2014, EA19-2015, EA20-2023)",2025-05,115.12,,
ESTAT:TEICP030(1.0),19/11/25 11:00:00,Monthly,Clothing and footwear,"Index, 2015=100","Euro area (EA11-1999, EA12-2001, EA13-2007, EA15-2008, EA16-2009, EA17-2011, EA18-2014, EA19-2015, EA20-2023)",2025-06,113.96,,
ESTAT:TEICP030(1.0),19/11/25 11:00:00,Monthly,Clothing and footwear,"Index, 2015=100","Euro area (EA11-1999, EA12-2001, EA13-2007, EA15-2008, EA16-2009, EA17-2011, EA18-2014, EA19-2015, EA20-2023)",2025-07,100.89,,
ESTAT:TEICP030(1.0),19/11/25 11:00:00,Monthly,Clothing and footwear,"Index, 2015=100","Euro area (EA11-1999, EA12-2001, EA13-2007, EA15-2008, EA16-2009, EA17-2011, EA18-2014, EA19-2015, EA20-2023)",2025-08,102.09,,
ESTAT:TEICP030(1.0),19/11/25 11:00:00,Monthly,Clothing and footwear,"Index, 2015=100","Euro area (EA11-1999, EA12-2001, EA13-2007, EA15-2008, EA16-2009, EA17-2011, EA18-2014, EA19-2015, EA20-2023)",2025-09,114.34,,
ESTAT:TEICP030(1.0),19/11/25 11:00:00,Monthly,Clothing and footwear,"Index, 2015=100","Euro area (EA11-1999, EA12-2001, EA13-2007, EA15-2008, EA16-2009, EA17-2011, EA18-2014, EA19-2015, EA20-2023)",2025-10,116.62,,
ESTAT:TEICP030(1.0),19/11/25 11:00:00,Monthly,Clothing and footwear,"Index, 2015=100",Euro area – 20 countries (from 2023),2024-11,116.28,,
ESTAT:TEICP030(1.0),19/11/25 11:00:00,Monthly,Clothing and footwear,"Index, 2015=100",Euro area – 20 countries (from 2023),2024-12,115.19,,
ESTAT:TEICP030(1.0),19/11/25 11:00:00,Monthly,Clothing and footwear,"Index, 2015=100",Euro area – 20 countries (from 2023),2025-01,100.61,,
ESTAT:TEICP030(1.0),19/11/25 11:00:00,Monthly,Clothing and footwear,"Index, 2015=100",Euro area – 20 countries (from 2023),2025-02,102.3,,
ESTAT:TEICP030(1.0),19/11/25 11:00:00,Monthly,Clothing and footwear,"Index, 2015=100",Euro area – 20 countries (from 2023),2025-03,112.67,,
ESTAT:TEICP030(1.0),19/11/25 11:00:00,Monthly,Clothing and footwear,"Index, 2015=100",Euro area – 20 countries (from 2023),2025-04,115.02,,
ESTAT:TEICP030(1.0),19/11/25 11:00:00,Monthly,Clothing and footwear,"Index, 2015=100",Euro area – 20 countries (from 2023),2025-05,115.15,,
ESTAT:TEICP030(1.0),19/11/25 11:00:00,Monthly,Clothing and footwear,"Index, 2015=100",Euro area – 20 countries (from 2023),2025-06,113.98,,
ESTAT:TEICP030(1.0),19/11/25 11:00:00,Monthly,Clothing and footwear,"Index, 2015=100",Euro area – 20 countries (from 2023),2025-07,100.92,,
ESTAT:TEICP030(1.0),19/11/25 11:00:00,Monthly,Clothing and footwear,"Index, 2015=100",Euro area – 20 countries (from 2023),2025-08,102.12,,
ESTAT:TEICP030(1.0),19/11/25 11:00:00,Monthly,Clothing and footwear,"Index, 2015=100",Euro area – 20 countries (from 2023),2025-09,114.37,,
ESTAT:TEICP030(1.0),19/11/25 11:00:00,Monthly,Clothing and footwear,"Index, 2015=100",Euro area – 20 countries (from 2023),2025-10,116.65,,
ESTAT:TEICP030(1.0),19/11/25 11:00:00,Monthly,Clothing and footwear,"Index, 2015=100",Estonia,2024-11,130.7,,
ESTAT:TEICP030(1.0),19/11/25 11:00:00,Monthly,Clothing and footwear,"Index, 2015=100",Estonia,2024-12,130.06,,
ESTAT:TEICP030(1.0),19/11/25 11:00:00,Monthly,Clothing and footwear,"Index, 2015=100",Estonia,2025-01,122.7,,
ESTAT:TEICP030(1.0),19/11/25 11:00:00,Monthly,Clothing and footwear,"Index, 2015=100",Estonia,2025-02,122.69,,
ESTAT:TEICP030(1.0),19/11/25 11:00:00,Monthly,Clothing and footwear,"Index, 2015=100",Estonia,2025-03,124.5,,
ESTAT:TEICP030(1.0),19/11/25 11:00:00,Monthly,Clothing and footwear,"Index, 2015=100",Estonia,2025-04,124.01,,
ESTAT:TEICP030(1.0),19/11/25 11:00:00,Monthly,Clothing and footwear,"Index, 2015=100",Estonia,2025-05,123.74,,
ESTAT:TEICP030(1.0),19/11/25 11:00:00,Monthly,Clothing and footwear,"Index, 2015=100",Estonia,2025-06,122.03,,
ESTAT:TEICP030(1.0),19/11/25 11:00:00,Monthly,Clothing and footwear,"Index, 2015=100",Estonia,2025-07,116.9,,
ESTAT:TEICP030(1.0),19/11/25 11:00:00,Monthly,Clothing and footwear,"Index, 2015=100",Estonia,2025-08,119.54,,
ESTAT:TEICP030(1.0),19/11/25 11:00:00,Monthly,Clothing and footwear,"Index, 2015=100",Estonia,2025-09,122.69,,
ESTAT:TEICP030(1.0),19/11/25 11:00:00,Monthly,Clothing and footwear,"Index, 2015=100",Estonia,2025-10,121.72,,
ESTAT:TEICP030(1.0),19/11/25 11:00:00,Monthly,Clothing and footwear,"Index, 2015=100",Greece,2024-11,122.62,,
ESTAT:TEICP030(1.0),19/11/25 11:00:00,Monthly,Clothing and footwear,"Index, 2015=100",Greece,2024-12,123.08,,
ESTAT:TEICP030(1.0),19/11/25 11:00:00,Monthly,Clothing and footwear,"Index, 2015=100",Greece,2025-01,95.38,,
ESTAT:TEICP030(1.0),19/11/25 11:00:00,Monthly,Clothing and footwear,"Index, 2015=100",Greece,2025-02,90.17,,
ESTAT:TEICP030(1.0),19/11/25 11:00:00,Monthly,Clothing and footwear,"Index, 2015=100",Greece,2025-03,118.09,,
ESTAT:TEICP030(1.0),19/11/25 11:00:00,Monthly,Clothing and footwear,"Index, 2015=100",Greece,2025-04,123.32,,
ESTAT:TEICP030(1.0),19/11/25 11:00:00,Monthly,Clothing and footwear,"Index, 2015=100",Greece,2025-05,126.73,,
ESTAT:TEICP030(1.0),19/11/25 11:00:00,Monthly,Clothing and footwear,"Index, 2015=100",Greece,2025-06,126.79,,
ESTAT:TEICP030(1.0),19/11/25 11:00:00,Monthly,Clothing and footwear,"Index, 2015=100",Greece,2025-07,99.94,,
ESTAT:TEICP030(1.0),19/11/25 11:00:00,Monthly,Clothing and footwear,"Index, 2015=100",Greece,2025-08,94.73,,
ESTAT:TEICP030(1.0),19/11/25 11:00:00,Monthly,Clothing and footwear,"Index, 2015=100",Greece,2025-09,127.3,,
ESTAT:TEICP030(1.0),19/11/25 11:00:00,Monthly,Clothing and footwear,"Index, 2015=100",Greece,2025-10,124.69,,
ESTAT:TEICP030(1.0),19/11/25 11:00:00,Monthly,Clothing and footwear,"Index, 2015=100",Spain,2024-11,115.03,,
ESTAT:TEICP030(1.0),19/11/25 11:00:00,Monthly,Clothing and footwear,"Index, 2015=100",Spain,2024-12,113.49,,
ESTAT:TEICP030(1.0),19/11/25 11:00:00,Monthly,Clothing and footwear,"Index, 2015=100",Spain,2025-01,95.45,,
ESTAT:TEICP030(1.0),19/11/25 11:00:00,Monthly,Clothing and footwear,"Index, 2015=100",Spain,2025-02,93.18,,
ESTAT:TEICP030(1.0),19/11/25 11:00:00,Monthly,Clothing and footwear,"Index, 2015=100",Spain,2025-03,110.8,,
ESTAT:TEICP030(1.0),19/11/25 11:00:00,Monthly,Clothing and footwear,"Index, 2015=100",Spain,2025-04,114.43,,
ESTAT:TEICP030(1.0),19/11/25 11:00:00,Monthly,Clothing and footwear,"Index, 2015=100",Spain,2025-05,114.5,,
ESTAT:TEICP030(1.0),19/11/25 11:00:00,Monthly,Clothing and footwear,"Index, 2015=100",Spain,2025-06,112.68,,
ESTAT:TEICP030(1.0),19/11/25 11:00:00,Monthly,Clothing and footwear,"Index, 2015=100",Spain,2025-07,94.85,,
ESTAT:TEICP030(1.0),19/11/25 11:00:00,Monthly,Clothing and footwear,"Index, 2015=100",Spain,2025-08,92.91,,
ESTAT:TEICP030(1.0),19/11/25 11:00:00,Monthly,Clothing and footwear,"Index, 2015=100",Spain,2025-09,110.36,,
ESTAT:TEICP030(1.0),19/11/25 11:00:00,Monthly,Clothing and footwear,"Index, 2015=100",Spain,2025-10,114.53,,
ESTAT:TEICP030(1.0),19/11/25 11:00:00,Monthly,Clothing and footwear,"Index, 2015=100","European Union (EU6-1958, EU9-1973, EU10-1981, EU12-1986, EU15-1995, EU25-2004, EU27-2007, EU28-2013, EU27-2020)",2024-11,118.26,,
ESTAT:TEICP030(1.0),19/11/25 11:00:00,Monthly,Clothing and footwear,"Index, 2015=100","European Union (EU6-1958, EU9-1973, EU10-1981, EU12-1986, EU15-1995, EU25-2004, EU27-2007, EU28-2013, EU27-2020)",2024-12,117.27,,
ESTAT:TEICP030(1.0),19/11/25 11:00:00,Monthly,Clothing and footwear,"Index, 2015=100","European Union (EU6-1958, EU9-1973, EU10-1981, EU12-1986, EU15-1995, EU25-2004, EU27-2007, EU28-2013, EU27-2020)",2025-01,104.66,,
ESTAT:TEICP030(1.0),19/11/25 11:00:00,Monthly,Clothing and footwear,"Index, 2015=100","European Union (EU6-1958, EU9-1973, EU10-1981, EU12-1986, EU15-1995, EU25-2004, EU27-2007, EU28-2013, EU27-2020)",2025-02,105.99,,
ESTAT:TEICP030(1.0),19/11/25 11:00:00,Monthly,Clothing and footwear,"Index, 2015=100","European Union (EU6-1958, EU9-1973, EU10-1981, EU12-1986, EU15-1995, EU25-2004, EU27-2007, EU28-2013, EU27-2020)",2025-03,114.85,,
ESTAT:TEICP030(1.0),19/11/25 11:00:00,Monthly,Clothing and footwear,"Index, 2015=100","European Union (EU6-1958, EU9-1973, EU10-1981, EU12-1986, EU15-1995, EU25-2004, EU27-2007, EU28-2013, EU27-2020)",2025-04,117.17,,
ESTAT:TEICP030(1.0),19/11/25 11:00:00,Monthly,Clothing and footwear,"Index, 2015=100","European Union (EU6-1958, EU9-1973, EU10-1981, EU12-1986, EU15-1995, EU25-2004, EU27-2007, EU28-2013, EU27-2020)",2025-05,117.33,,
ESTAT:TEICP030(1.0),19/11/25 11:00:00,Monthly,Clothing and footwear,"Index, 2015=100","European Union (EU6-1958, EU9-1973, EU10-1981, EU12-1986, EU15-1995, EU25-2004, EU27-2007, EU28-2013, EU27-2020)",2025-06,116.11,,
ESTAT:TEICP030(1.0),19/11/25 11:00:00,Monthly,Clothing and footwear,"Index, 2015=100","European Union (EU6-1958, EU9-1973, EU10-1981, EU12-1986, EU15-1995, EU25-2004, EU27-2007, EU28-2013, EU27-2020)",2025-07,104.91,,
ESTAT:TEICP030(1.0),19/11/25 11:00:00,Monthly,Clothing and footwear,"Index, 2015=100","European Union (EU6-1958, EU9-1973, EU10-1981, EU12-1986, EU15-1995, EU25-2004, EU27-2007, EU28-2013, EU27-2020)",2025-08,105.92,,
ESTAT:TEICP030(1.0),19/11/25 11:00:00,Monthly,Clothing and footwear,"Index, 2015=100","European Union (EU6-1958, EU9-1973, EU10-1981, EU12-1986, EU15-1995, EU25-2004, EU27-2007, EU28-2013, EU27-2020)",2025-09,116.41,,
ESTAT:TEICP030(1.0),19/11/25 11:00:00,Monthly,Clothing and footwear,"Index, 2015=100","European Union (EU6-1958, EU9-1973, EU10-1981, EU12-1986, EU15-1995, EU25-2004, EU27-2007, EU28-2013, EU27-2020)",2025-10,118.74,,
ESTAT:TEICP030(1.0),19/11/25 11:00:00,Monthly,Clothing and footwear,"Index, 2015=100",European Union - 27 countries (from 2020),2024-11,116.64,,
ESTAT:TEICP030(1.0),19/11/25 11:00:00,Monthly,Clothing and footwear,"Index, 2015=100",European Union - 27 countries (from 2020),2024-12,115.66,,
ESTAT:TEICP030(1.0),19/11/25 11:00:00,Monthly,Clothing and footwear,"Index, 2015=100",European Union - 27 countries (from 2020),2025-01,103.22,,
ESTAT:TEICP030(1.0),19/11/25 11:00:00,Monthly,Clothing and footwear,"Index, 2015=100",European Union - 27 countries (from 2020),2025-02,104.54,,
ESTAT:TEICP030(1.0),19/11/25 11:00:00,Monthly,Clothing and footwear,"Index, 2015=100",European Union - 27 countries (from 2020),2025-03,113.28,,
ESTAT:TEICP030(1.0),19/11/25 11:00:00,Monthly,Clothing and footwear,"Index, 2015=100",European Union - 27 countries (from 2020),2025-04,115.56,,
ESTAT:TEICP030(1.0),19/11/25 11:00:00,Monthly,Clothing and footwear,"Index, 2015=100",European Union - 27 countries (from 2020),2025-05,115.72,,
ESTAT:TEICP030(1.0),19/11/25 11:00:00,Monthly,Clothing and footwear,"Index, 2015=100",European Union - 27 countries (from 2020),2025-06,114.52,,
ESTAT:TEICP030(1.0),19/11/25 11:00:00,Monthly,Clothing and footwear,"Index, 2015=100",European Union - 27 countries (from 2020),2025-07,103.47,,
ESTAT:TEICP030(1.0),19/11/25 11:00:00,Monthly,Clothing and footwear,"Index, 2015=100",European Union - 27 countries (from 2020),2025-08,104.47,,
ESTAT:TEICP030(1.0),19/11/25 11:00:00,Monthly,Clothing and footwear,"Index, 2015=100",European Union - 27 countries (from 2020),2025-09,114.81,,
ESTAT:TEICP030(1.0),19/11/25 11:00:00,Monthly,Clothing and footwear,"Index, 2015=100",European Union - 27 countries (from 2020),2025-10,117.11,,
ESTAT:TEICP030(1.0),19/11/25 11:00:00,Monthly,Clothing and footwear,"Index, 2015=100",Finland,2024-11,103.3,,
ESTAT:TEICP030(1.0),19/11/25 11:00:00,Monthly,Clothing and footwear,"Index, 2015=100",Finland,2024-12,101.48,,
ESTAT:TEICP030(1.0),19/11/25 11:00:00,Monthly,Clothing and footwear,"Index, 2015=100",Finland,2025-01,100.24,,
ESTAT:TEICP030(1.0),19/11/25 11:00:00,Monthly,Clothing and footwear,"Index, 2015=100",Finland,2025-02,100.78,,
ESTAT:TEICP030(1.0),19/11/25 11:00:00,Monthly,Clothing and footwear,"Index, 2015=100",Finland,2025-03,102.38,,
ESTAT:TEICP030(1.0),19/11/25 11:00:00,Monthly,Clothing and footwear,"Index, 2015=100",Finland,2025-04,100.48,,
ESTAT:TEICP030(1.0),19/11/25 11:00:00,Monthly,Clothing and footwear,"Index, 2015=100",Finland,2025-05,102.04,,
ESTAT:TEICP030(1.0),19/11/25 11:00:00,Monthly,Clothing and footwear,"Index, 2015=100",Finland,2025-06,99.56,,
ESTAT:TEICP030(1.0),19/11/25 11:00:00,Monthly,Clothing and footwear,"Index, 2015=100",Finland,2025-07,100.03,,
ESTAT:TEICP030(1.0),19/11/25 11:00:00,Monthly,Clothing and footwear,"Index, 2015=100",Finland,2025-08,101.46,,
ESTAT:TEICP030(1.0),19/11/25 11:00:00,Monthly,Clothing and footwear,"Index, 2015=100",Finland,2025-09,103.24,,
ESTAT:TEICP030(1.0),19/11/25 11:00:00,Monthly,Clothing and footwear,"Index, 2015=100",Finland,2025-10,103.73,,
ESTAT:TEICP030(1.0),19/11/25 11:00:00,Monthly,Clothing and footwear,"Index, 2015=100",France,2024-11,109.07,,
ESTAT:TEICP030(1.0),19/11/25 11:00:00,Monthly,Clothing and footwear,"Index, 2015=100",France,2024-12,108.34,,
ESTAT:TEICP030(1.0),19/11/25 11:00:00,Monthly,Clothing and footwear,"Index, 2015=100",France,2025-01,100.76,,
ESTAT:TEICP030(1.0),19/11/25 11:00:00,Monthly,Clothing and footwear,"Index, 2015=100",France,2025-02,102.13,,
ESTAT:TEICP030(1.0),19/11/25 11:00:00,Monthly,Clothing and footwear,"Index, 2015=100",France,2025-03,107.83,,
ESTAT:TEICP030(1.0),19/11/25 11:00:00,Monthly,Clothing and footwear,"Index, 2015=100",France,2025-04,108.67,,
ESTAT:TEICP030(1.0),19/11/25 11:00:00,Monthly,Clothing and footwear,"Index, 2015=100",France,2025-05,109,,
ESTAT:TEICP030(1.0),19/11/25 11:00:00,Monthly,Clothing and footwear,"Index, 2015=100",France,2025-06,109.62,,
ESTAT:TEICP030(1.0),19/11/25 11:00:00,Monthly,Clothing and footwear,"Index, 2015=100",France,2025-07,99.75,,
ESTAT:TEICP030(1.0),19/11/25 11:00:00,Monthly,Clothing and footwear,"Index, 2015=100",France,2025-08,105.21,,
ESTAT:TEICP030(1.0),19/11/25 11:00:00,Monthly,Clothing and footwear,"Index, 2015=100",France,2025-09,108.56,,
ESTAT:TEICP030(1.0),19/11/25 11:00:00,Monthly,Clothing and footwear,"Index, 2015=100",France,2025-10,109.25,,
ESTAT:TEICP030(1.0),19/11/25 11:00:00,Monthly,Clothing and footwear,"Index, 2015=100",Croatia,2024-11,128.02,,
ESTAT:TEICP030(1.0),19/11/25 11:00:00,Monthly,Clothing and footwear,"Index, 2015=100",Croatia,2024-12,122.63,,
ESTAT:TEICP030(1.0),19/11/25 11:00:00,Monthly,Clothing and footwear,"Index, 2015=100",Croatia,2025-01,103.68,,
ESTAT:TEICP030(1.0),19/11/25 11:00:00,Monthly,Clothing and footwear,"Index, 2015=100",Croatia,2025-02,102.05,,
ESTAT:TEICP030(1.0),19/11/25 11:00:00,Monthly,Clothing and footwear,"Index, 2015=100",Croatia,2025-03,111.73,,
ESTAT:TEICP030(1.0),19/11/25 11:00:00,Monthly,Clothing and footwear,"Index, 2015=100",Croatia,2025-04,120.68,,
ESTAT:TEICP030(1.0),19/11/25 11:00:00,Monthly,Clothing and footwear,"Index, 2015=100",Croatia,2025-05,119.62,,
ESTAT:TEICP030(1.0),19/11/25 11:00:00,Monthly,Clothing and footwear,"Index, 2015=100",Croatia,2025-06,116.9,,
ESTAT:TEICP030(1.0),19/11/25 11:00:00,Monthly,Clothing and footwear,"Index, 2015=100",Croatia,2025-07,102.4,,
ESTAT:TEICP030(1.0),19/11/25 11:00:00,Monthly,Clothing and footwear,"Index, 2015=100",Croatia,2025-08,99.07,,
ESTAT:TEICP030(1.0),19/11/25 11:00:00,Monthly,Clothing and footwear,"Index, 2015=100",Croatia,2025-09,113.17,,
ESTAT:TEICP030(1.0),19/11/25 11:00:00,Monthly,Clothing and footwear,"Index, 2015=100",Croatia,2025-10,122.65,,
ESTAT:TEICP030(1.0),19/11/25 11:00:00,Monthly,Clothing and footwear,"Index, 2015=100",Hungary,2024-11,126.7,,
ESTAT:TEICP030(1.0),19/11/25 11:00:00,Monthly,Clothing and footwear,"Index, 2015=100",Hungary,2024-12,126.84,,
ESTAT:TEICP030(1.0),19/11/25 11:00:00,Monthly,Clothing and footwear,"Index, 2015=100",Hungary,2025-01,123.26,,
ESTAT:TEICP030(1.0),19/11/25 11:00:00,Monthly,Clothing and footwear,"Index, 2015=100",Hungary,2025-02,122.21,,
ESTAT:TEICP030(1.0),19/11/25 11:00:00,Monthly,Clothing and footwear,"Index, 2015=100",Hungary,2025-03,123.63,,
ESTAT:TEICP030(1.0),19/11/25 11:00:00,Monthly,Clothing and footwear,"Index, 2015=100",Hungary,2025-04,126.22,,
ESTAT:TEICP030(1.0),19/11/25 11:00:00,Monthly,Clothing and footwear,"Index, 2015=100",Hungary,2025-05,126.73,,
ESTAT:TEICP030(1.0),19/11/25 11:00:00,Monthly,Clothing and footwear,"Index, 2015=100",Hungary,2025-06,126.97,,
ESTAT:TEICP030(1.0),19/11/25 11:00:00,Monthly,Clothing and footwear,"Index, 2015=100",Hungary,2025-07,125.25,,
ESTAT:TEICP030(1.0),19/11/25 11:00:00,Monthly,Clothing and footwear,"Index, 2015=100",Hungary,2025-08,123.13,,
ESTAT:TEICP030(1.0),19/11/25 11:00:00,Monthly,Clothing and footwear,"Index, 2015=100",Hungary,2025-09,124.95,,
ESTAT:TEICP030(1.0),19/11/25 11:00:00,Monthly,Clothing and footwear,"Index, 2015=100",Hungary,2025-10,127.94,,
ESTAT:TEICP030(1.0),19/11/25 11:00:00,Monthly,Clothing and footwear,"Index, 2015=100",Ireland,2024-11,84.2,,
ESTAT:TEICP030(1.0),19/11/25 11:00:00,Monthly,Clothing and footwear,"Index, 2015=100",Ireland,2024-12,84.6,,
ESTAT:TEICP030(1.0),19/11/25 11:00:00,Monthly,Clothing and footwear,"Index, 2015=100",Ireland,2025-01,77.4,,
ESTAT:TEICP030(1.0),19/11/25 11:00:00,Monthly,Clothing and footwear,"Index, 2015=100",Ireland,2025-02,82,,
ESTAT:TEICP030(1.0),19/11/25 11:00:00,Monthly,Clothing and footwear,"Index, 2015=100",Ireland,2025-03,82.4,,
ESTAT:TEICP030(1.0),19/11/25 11:00:00,Monthly,Clothing and footwear,"Index, 2015=100",Ireland,2025-04,82.3,,
ESTAT:TEICP030(1.0),19/11/25 11:00:00,Monthly,Clothing and footwear,"Index, 2015=100",Ireland,2025-05,83.7,,
ESTAT:TEICP030(1.0),19/11/25 11:00:00,Monthly,Clothing and footwear,"Index, 2015=100",Ireland,2025-06,83.3,,
ESTAT:TEICP030(1.0),19/11/25 11:00:00,Monthly,Clothing and footwear,"Index, 2015=100",Ireland,2025-07,78,,
ESTAT:TEICP030(1.0),19/11/25 11:00:00,Monthly,Clothing and footwear,"Index, 2015=100",Ireland,2025-08,84.9,,
ESTAT:TEICP030(1.0),19/11/25 11:00:00,Monthly,Clothing and footwear,"Index, 2015=100",Ireland,2025-09,86.9,,
ESTAT:TEICP030(1.0),19/11/25 11:00:00,Monthly,Clothing and footwear,"Index, 2015=100",Ireland,2025-10,86.8,,
ESTAT:TEICP030(1.0),19/11/25 11:00:00,Monthly,Clothing and footwear,"Index, 2015=100",Iceland,2024-11,105.63,,
ESTAT:TEICP030(1.0),19/11/25 11:00:00,Monthly,Clothing and footwear,"Index, 2015=100",Iceland,2024-12,106.3,,
ESTAT:TEICP030(1.0),19/11/25 11:00:00,Monthly,Clothing and footwear,"Index, 2015=100",Iceland,2025-01,98.77,,
ESTAT:TEICP030(1.0),19/11/25 11:00:00,Monthly,Clothing and footwear,"Index, 2015=100",Iceland,2025-02,100.97,,
ESTAT:TEICP030(1.0),19/11/25 11:00:00,Monthly,Clothing and footwear,"Index, 2015=100",Iceland,2025-03,103.3,,
ESTAT:TEICP030(1.0),19/11/25 11:00:00,Monthly,Clothing and footwear,"Index, 2015=100",Iceland,2025-04,104.14,,
ESTAT:TEICP030(1.0),19/11/25 11:00:00,Monthly,Clothing and footwear,"Index, 2015=100",Iceland,2025-05,105.26,,
ESTAT:TEICP030(1.0),19/11/25 11:00:00,Monthly,Clothing and footwear,"Index, 2015=100",Iceland,2025-06,106.5,,
ESTAT:TEICP030(1.0),19/11/25 11:00:00,Monthly,Clothing and footwear,"Index, 2015=100",Iceland,2025-07,101.37,,
ESTAT:TEICP030(1.0),19/11/25 11:00:00,Monthly,Clothing and footwear,"Index, 2015=100",Iceland,2025-08,102.18,,
ESTAT:TEICP030(1.0),19/11/25 11:00:00,Monthly,Clothing and footwear,"Index, 2015=100",Iceland,2025-09,105.15,,
ESTAT:TEICP030(1.0),19/11/25 11:00:00,Monthly,Clothing and footwear,"Index, 2015=100",Iceland,2025-10,106.34,,
ESTAT:TEICP030(1.0),19/11/25 11:00:00,Monthly,Clothing and footwear,"Index, 2015=100",Italy,2024-11,119,,
ESTAT:TEICP030(1.0),19/11/25 11:00:00,Monthly,Clothing and footwear,"Index, 2015=100",Italy,2024-12,119.2,,
ESTAT:TEICP030(1.0),19/11/25 11:00:00,Monthly,Clothing and footwear,"Index, 2015=100",Italy,2025-01,96.4,,
ESTAT:TEICP030(1.0),19/11/25 11:00:00,Monthly,Clothing and footwear,"Index, 2015=100",Italy,2025-02,93.6,,
ESTAT:TEICP030(1.0),19/11/25 11:00:00,Monthly,Clothing and footwear,"Index, 2015=100",Italy,2025-03,114,,
ESTAT:TEICP030(1.0),19/11/25 11:00:00,Monthly,Clothing and footwear,"Index, 2015=100",Italy,2025-04,119.4,,
ESTAT:TEICP030(1.0),19/11/25 11:00:00,Monthly,Clothing and footwear,"Index, 2015=100",Italy,2025-05,119.4,,
ESTAT:TEICP030(1.0),19/11/25 11:00:00,Monthly,Clothing and footwear,"Index, 2015=100",Italy,2025-06,119.6,,
ESTAT:TEICP030(1.0),19/11/25 11:00:00,Monthly,Clothing and footwear,"Index, 2015=100",Italy,2025-07,97.9,,
ESTAT:TEICP030(1.0),19/11/25 11:00:00,Monthly,Clothing and footwear,"Index, 2015=100",Italy,2025-08,92.3,,
ESTAT:TEICP030(1.0),19/11/25 11:00:00,Monthly,Clothing and footwear,"Index, 2015=100",Italy,2025-09,116.9,,
ESTAT:TEICP030(1.0),19/11/25 11:00:00,Monthly,Clothing and footwear,"Index, 2015=100",Italy,2025-10,120,,
ESTAT:TEICP030(1.0),19/11/25 11:00:00,Monthly,Clothing and footwear,"Index, 2015=100",Lithuania,2024-11,112.55,,
ESTAT:TEICP030(1.0),19/11/25 11:00:00,Monthly,Clothing and footwear,"Index, 2015=100",Lithuania,2024-12,109.88,,
ESTAT:TEICP030(1.0),19/11/25 11:00:00,Monthly,Clothing and footwear,"Index, 2015=100",Lithuania,2025-01,101.26,,
ESTAT:TEICP030(1.0),19/11/25 11:00:00,Monthly,Clothing and footwear,"Index, 2015=100",Lithuania,2025-02,100.2,,
ESTAT:TEICP030(1.0),19/11/25 11:00:00,Monthly,Clothing and footwear,"Index, 2015=100",Lithuania,2025-03,106.56,,
ESTAT:TEICP030(1.0),19/11/25 11:00:00,Monthly,Clothing and footwear,"Index, 2015=100",Lithuania,2025-04,110.58,,
ESTAT:TEICP030(1.0),19/11/25 11:00:00,Monthly,Clothing and footwear,"Index, 2015=100",Lithuania,2025-05,110.73,,
ESTAT:TEICP030(1.0),19/11/25 11:00:00,Monthly,Clothing and footwear,"Index, 2015=100",Lithuania,2025-06,109.42,,
ESTAT:TEICP030(1.0),19/11/25 11:00:00,Monthly,Clothing and footwear,"Index, 2015=100",Lithuania,2025-07,101.69,,
ESTAT:TEICP030(1.0),19/11/25 11:00:00,Monthly,Clothing and footwear,"Index, 2015=100",Lithuania,2025-08,100.52,,
ESTAT:TEICP030(1.0),19/11/25 11:00:00,Monthly,Clothing and footwear,"Index, 2015=100",Lithuania,2025-09,107.86,,
ESTAT:TEICP030(1.0),19/11/25 11:00:00,Monthly,Clothing and footwear,"Index, 2015=100",Lithuania,2025-10,113.31,,
ESTAT:TEICP030(1.0),19/11/25 11:00:00,Monthly,Clothing and footwear,"Index, 2015=100",Luxembourg,2024-11,118.95,,
ESTAT:TEICP030(1.0),19/11/25 11:00:00,Monthly,Clothing and footwear,"Index, 2015=100",Luxembourg,2024-12,118.95,,
ESTAT:TEICP030(1.0),19/11/25 11:00:00,Monthly,Clothing and footwear,"Index, 2015=100",Luxembourg,2025-01,103.2,,
ESTAT:TEICP030(1.0),19/11/25 11:00:00,Monthly,Clothing and footwear,"Index, 2015=100",Luxembourg,2025-02,118.99,,
ESTAT:TEICP030(1.0),19/11/25 11:00:00,Monthly,Clothing and footwear,"Index, 2015=100",Luxembourg,2025-03,118.83,,
ESTAT:TEICP030(1.0),19/11/25 11:00:00,Monthly,Clothing and footwear,"Index, 2015=100",Luxembourg,2025-04,119.08,,
ESTAT:TEICP030(1.0),19/11/25 11:00:00,Monthly,Clothing and footwear,"Index, 2015=100",Luxembourg,2025-05,119.26,,
ESTAT:TEICP030(1.0),19/11/25 11:00:00,Monthly,Clothing and footwear,"Index, 2015=100",Luxembourg,2025-06,118.86,,
ESTAT:TEICP030(1.0),19/11/25 11:00:00,Monthly,Clothing and footwear,"Index, 2015=100",Luxembourg,2025-07,99.91,,
ESTAT:TEICP030(1.0),19/11/25 11:00:00,Monthly,Clothing and footwear,"Index, 2015=100",Luxembourg,2025-08,118.62,,
ESTAT:TEICP030(1.0),19/11/25 11:00:00,Monthly,Clothing and footwear,"Index, 2015=100",Luxembourg,2025-09,118.73,,
ESTAT:TEICP030(1.0),19/11/25 11:00:00,Monthly,Clothing and footwear,"Index, 2015=100",Luxembourg,2025-10,119.28,,
ESTAT:TEICP030(1.0),19/11/25 11:00:00,Monthly,Clothing and footwear,"Index, 2015=100",Latvia,2024-11,112.34,,
ESTAT:TEICP030(1.0),19/11/25 11:00:00,Monthly,Clothing and footwear,"Index, 2015=100",Latvia,2024-12,109.65,,
ESTAT:TEICP030(1.0),19/11/25 11:00:00,Monthly,Clothing and footwear,"Index, 2015=100",Latvia,2025-01,104.32,,
ESTAT:TEICP030(1.0),19/11/25 11:00:00,Monthly,Clothing and footwear,"Index, 2015=100",Latvia,2025-02,103.23,,
ESTAT:TEICP030(1.0),19/11/25 11:00:00,Monthly,Clothing and footwear,"Index, 2015=100",Latvia,2025-03,109.84,,
ESTAT:TEICP030(1.0),19/11/25 11:00:00,Monthly,Clothing and footwear,"Index, 2015=100",Latvia,2025-04,120.02,,
ESTAT:TEICP030(1.0),19/11/25 11:00:00,Monthly,Clothing and footwear,"Index, 2015=100",Latvia,2025-05,119.8,,
ESTAT:TEICP030(1.0),19/11/25 11:00:00,Monthly,Clothing and footwear,"Index, 2015=100",Latvia,2025-06,118.56,,
ESTAT:TEICP030(1.0),19/11/25 11:00:00,Monthly,Clothing and footwear,"Index, 2015=100",Latvia,2025-07,112.32,,
ESTAT:TEICP030(1.0),19/11/25 11:00:00,Monthly,Clothing and footwear,"Index, 2015=100",Latvia,2025-08,111.46,,
ESTAT:TEICP030(1.0),19/11/25 11:00:00,Monthly,Clothing and footwear,"Index, 2015=100",Latvia,2025-09,115.01,,
ESTAT:TEICP030(1.0),19/11/25 11:00:00,Monthly,Clothing and footwear,"Index, 2015=100",Latvia,2025-10,114.07,,
ESTAT:TEICP030(1.0),19/11/25 11:00:00,Monthly,Clothing and footwear,"Index, 2015=100",Montenegro,2024-11,131,d,
ESTAT:TEICP030(1.0),19/11/25 11:00:00,Monthly,Clothing and footwear,"Index, 2015=100",Montenegro,2024-12,130.59,d,
ESTAT:TEICP030(1.0),19/11/25 11:00:00,Monthly,Clothing and footwear,"Index, 2015=100",Montenegro,2025-01,126.99,d,
ESTAT:TEICP030(1.0),19/11/25 11:00:00,Monthly,Clothing and footwear,"Index, 2015=100",Montenegro,2025-02,124.91,d,
ESTAT:TEICP030(1.0),19/11/25 11:00:00,Monthly,Clothing and footwear,"Index, 2015=100",Montenegro,2025-03,125.1,d,
ESTAT:TEICP030(1.0),19/11/25 11:00:00,Monthly,Clothing and footwear,"Index, 2015=100",Montenegro,2025-04,129.05,d,
ESTAT:TEICP030(1.0),19/11/25 11:00:00,Monthly,Clothing and footwear,"Index, 2015=100",Montenegro,2025-05,129.71,d,
ESTAT:TEICP030(1.0),19/11/25 11:00:00,Monthly,Clothing and footwear,"Index, 2015=100",Montenegro,2025-06,125.13,d,
ESTAT:TEICP030(1.0),19/11/25 11:00:00,Monthly,Clothing and footwear,"Index, 2015=100",Montenegro,2025-07,120.21,d,
ESTAT:TEICP030(1.0),19/11/25 11:00:00,Monthly,Clothing and footwear,"Index, 2015=100",Montenegro,2025-08,115.79,d,
ESTAT:TEICP030(1.0),19/11/25 11:00:00,Monthly,Clothing and footwear,"Index, 2015=100",Montenegro,2025-09,119.03,d,
ESTAT:TEICP030(1.0),19/11/25 11:00:00,Monthly,Clothing and footwear,"Index, 2015=100",Montenegro,2025-10,124.84,d,
ESTAT:TEICP030(1.0),19/11/25 11:00:00,Monthly,Clothing and footwear,"Index, 2015=100",North Macedonia,2024-11,109.31,d,
ESTAT:TEICP030(1.0),19/11/25 11:00:00,Monthly,Clothing and footwear,"Index, 2015=100",North Macedonia,2024-12,109.56,d,
ESTAT:TEICP030(1.0),19/11/25 11:00:00,Monthly,Clothing and footwear,"Index, 2015=100",North Macedonia,2025-01,109.36,d,
ESTAT:TEICP030(1.0),19/11/25 11:00:00,Monthly,Clothing and footwear,"Index, 2015=100",North Macedonia,2025-02,109.01,d,
ESTAT:TEICP030(1.0),19/11/25 11:00:00,Monthly,Clothing and footwear,"Index, 2015=100",North Macedonia,2025-03,109.43,d,
ESTAT:TEICP030(1.0),19/11/25 11:00:00,Monthly,Clothing and footwear,"Index, 2015=100",North Macedonia,2025-04,111.13,d,
ESTAT:TEICP030(1.0),19/11/25 11:00:00,Monthly,Clothing and footwear,"Index, 2015=100",North Macedonia,2025-05,111.65,d,
ESTAT:TEICP030(1.0),19/11/25 11:00:00,Monthly,Clothing and footwear,"Index, 2015=100",North Macedonia,2025-06,111.83,d,
ESTAT:TEICP030(1.0),19/11/25 11:00:00,Monthly,Clothing and footwear,"Index, 2015=100",North Macedonia,2025-07,112,d,
ESTAT:TEICP030(1.0),19/11/25 11:00:00,Monthly,Clothing and footwear,"Index, 2015=100",North Macedonia,2025-08,111.39,d,
ESTAT:TEICP030(1.0),19/11/25 11:00:00,Monthly,Clothing and footwear,"Index, 2015=100",North Macedonia,2025-09,111.18,d,
ESTAT:TEICP030(1.0),19/11/25 11:00:00,Monthly,Clothing and footwear,"Index, 2015=100",North Macedonia,2025-10,112.43,d,
ESTAT:TEICP030(1.0),19/11/25 11:00:00,Monthly,Clothing and footwear,"Index, 2015=100",Malta,2024-11,103.5,,
ESTAT:TEICP030(1.0),19/11/25 11:00:00,Monthly,Clothing and footwear,"Index, 2015=100",Malta,2024-12,105.56,,
ESTAT:TEICP030(1.0),19/11/25 11:00:00,Monthly,Clothing and footwear,"Index, 2015=100",Malta,2025-01,92.07,,
ESTAT:TEICP030(1.0),19/11/25 11:00:00,Monthly,Clothing and footwear,"Index, 2015=100",Malta,2025-02,93.54,,
ESTAT:TEICP030(1.0),19/11/25 11:00:00,Monthly,Clothing and footwear,"Index, 2015=100",Malta,2025-03,101.44,,
ESTAT:TEICP030(1.0),19/11/25 11:00:00,Monthly,Clothing and footwear,"Index, 2015=100",Malta,2025-04,103.69,,
ESTAT:TEICP030(1.0),19/11/25 11:00:00,Monthly,Clothing and footwear,"Index, 2015=100",Malta,2025-05,103.49,,
ESTAT:TEICP030(1.0),19/11/25 11:00:00,Monthly,Clothing and footwear,"Index, 2015=100",Malta,2025-06,103.83,,
ESTAT:TEICP030(1.0),19/11/25 11:00:00,Monthly,Clothing and footwear,"Index, 2015=100",Malta,2025-07,96.39,,
ESTAT:TEICP030(1.0),19/11/25 11:00:00,Monthly,Clothing and footwear,"Index, 2015=100",Malta,2025-08,93.13,,
ESTAT:TEICP030(1.0),19/11/25 11:00:00,Monthly,Clothing and footwear,"Index, 2015=100",Malta,2025-09,97.03,,
ESTAT:TEICP030(1.0),19/11/25 11:00:00,Monthly,Clothing and footwear,"Index, 2015=100",Malta,2025-10,100.5,,
ESTAT:TEICP030(1.0),19/11/25 11:00:00,Monthly,Clothing and footwear,"Index, 2015=100",Netherlands,2024-11,124.51,,
ESTAT:TEICP030(1.0),19/11/25 11:00:00,Monthly,Clothing and footwear,"Index, 2015=100",Netherlands,2024-12,118.44,,
ESTAT:TEICP030(1.0),19/11/25 11:00:00,Monthly,Clothing and footwear,"Index, 2015=100",Netherlands,2025-01,100.73,,
ESTAT:TEICP030(1.0),19/11/25 11:00:00,Monthly,Clothing and footwear,"Index, 2015=100",Netherlands,2025-02,110.9,,
ESTAT:TEICP030(1.0),19/11/25 11:00:00,Monthly,Clothing and footwear,"Index, 2015=100",Netherlands,2025-03,117.9,,
ESTAT:TEICP030(1.0),19/11/25 11:00:00,Monthly,Clothing and footwear,"Index, 2015=100",Netherlands,2025-04,118.57,,
ESTAT:TEICP030(1.0),19/11/25 11:00:00,Monthly,Clothing and footwear,"Index, 2015=100",Netherlands,2025-05,119.61,,
ESTAT:TEICP030(1.0),19/11/25 11:00:00,Monthly,Clothing and footwear,"Index, 2015=100",Netherlands,2025-06,113.63,,
ESTAT:TEICP030(1.0),19/11/25 11:00:00,Monthly,Clothing and footwear,"Index, 2015=100",Netherlands,2025-07,101,,
ESTAT:TEICP030(1.0),19/11/25 11:00:00,Monthly,Clothing and footwear,"Index, 2015=100",Netherlands,2025-08,108.17,,
ESTAT:TEICP030(1.0),19/11/25 11:00:00,Monthly,Clothing and footwear,"Index, 2015=100",Netherlands,2025-09,122.82,,
ESTAT:TEICP030(1.0),19/11/25 11:00:00,Monthly,Clothing and footwear,"Index, 2015=100",Netherlands,2025-10,125.68,,
ESTAT:TEICP030(1.0),19/11/25 11:00:00,Monthly,Clothing and footwear,"Index, 2015=100",Norway,2024-11,105.9,,
ESTAT:TEICP030(1.0),19/11/25 11:00:00,Monthly,Clothing and footwear,"Index, 2015=100",Norway,2024-12,105.3,,
ESTAT:TEICP030(1.0),19/11/25 11:00:00,Monthly,Clothing and footwear,"Index, 2015=100",Norway,2025-01,98,,
ESTAT:TEICP030(1.0),19/11/25 11:00:00,Monthly,Clothing and footwear,"Index, 2015=100",Norway,2025-02,98.8,,
ESTAT:TEICP030(1.0),19/11/25 11:00:00,Monthly,Clothing and footwear,"Index, 2015=100",Norway,2025-03,102.1,,
ESTAT:TEICP030(1.0),19/11/25 11:00:00,Monthly,Clothing and footwear,"Index, 2015=100",Norway,2025-04,103.5,,
ESTAT:TEICP030(1.0),19/11/25 11:00:00,Monthly,Clothing and footwear,"Index, 2015=100",Norway,2025-05,104.4,,
ESTAT:TEICP030(1.0),19/11/25 11:00:00,Monthly,Clothing and footwear,"Index, 2015=100",Norway,2025-06,101.7,,
ESTAT:TEICP030(1.0),19/11/25 11:00:00,Monthly,Clothing and footwear,"Index, 2015=100",Norway,2025-07,98.4,,
ESTAT:TEICP030(1.0),19/11/25 11:00:00,Monthly,Clothing and footwear,"Index, 2015=100",Norway,2025-08,98.7,,
ESTAT:TEICP030(1.0),19/11/25 11:00:00,Monthly,Clothing and footwear,"Index, 2015=100",Norway,2025-09,102.5,,
ESTAT:TEICP030(1.0),19/11/25 11:00:00,Monthly,Clothing and footwear,"Index, 2015=100",Norway,2025-10,103.4,,
ESTAT:TEICP030(1.0),19/11/25 11:00:00,Monthly,Clothing and footwear,"Index, 2015=100",Poland,2024-11,95.5,,
ESTAT:TEICP030(1.0),19/11/25 11:00:00,Monthly,Clothing and footwear,"Index, 2015=100",Poland,2024-12,94.2,,
ESTAT:TEICP030(1.0),19/11/25 11:00:00,Monthly,Clothing and footwear,"Index, 2015=100",Poland,2025-01,91,,
ESTAT:TEICP030(1.0),19/11/25 11:00:00,Monthly,Clothing and footwear,"Index, 2015=100",Poland,2025-02,89.7,,
ESTAT:TEICP030(1.0),19/11/25 11:00:00,Monthly,Clothing and footwear,"Index, 2015=100",Poland,2025-03,92.8,,
ESTAT:TEICP030(1.0),19/11/25 11:00:00,Monthly,Clothing and footwear,"Index, 2015=100",Poland,2025-04,94.8,,
ESTAT:TEICP030(1.0),19/11/25 11:00:00,Monthly,Clothing and footwear,"Index, 2015=100",Poland,2025-05,94.5,,
ESTAT:TEICP030(1.0),19/11/25 11:00:00,Monthly,Clothing and footwear,"Index, 2015=100",Poland,2025-06,92.9,,
ESTAT:TEICP030(1.0),19/11/25 11:00:00,Monthly,Clothing and footwear,"Index, 2015=100",Poland,2025-07,89.9,,
ESTAT:TEICP030(1.0),19/11/25 11:00:00,Monthly,Clothing and footwear,"Index, 2015=100",Poland,2025-08,88.7,,
ESTAT:TEICP030(1.0),19/11/25 11:00:00,Monthly,Clothing and footwear,"Index, 2015=100",Poland,2025-09,91.3,,
ESTAT:TEICP030(1.0),19/11/25 11:00:00,Monthly,Clothing and footwear,"Index, 2015=100",Poland,2025-10,94.1,,
ESTAT:TEICP030(1.0),19/11/25 11:00:00,Monthly,Clothing and footwear,"Index, 2015=100",Portugal,2024-11,94.37,,
ESTAT:TEICP030(1.0),19/11/25 11:00:00,Monthly,Clothing and footwear,"Index, 2015=100",Portugal,2024-12,92.61,,
ESTAT:TEICP030(1.0),19/11/25 11:00:00,Monthly,Clothing and footwear,"Index, 2015=100",Portugal,2025-01,79.34,,
ESTAT:TEICP030(1.0),19/11/25 11:00:00,Monthly,Clothing and footwear,"Index, 2015=100",Portugal,2025-02,75.37,,
ESTAT:TEICP030(1.0),19/11/25 11:00:00,Monthly,Clothing and footwear,"Index, 2015=100",Portugal,2025-03,91.99,,
ESTAT:TEICP030(1.0),19/11/25 11:00:00,Monthly,Clothing and footwear,"Index, 2015=100",Portugal,2025-04,92.73,,
ESTAT:TEICP030(1.0),19/11/25 11:00:00,Monthly,Clothing and footwear,"Index, 2015=100",Portugal,2025-05,92.73,,
ESTAT:TEICP030(1.0),19/11/25 11:00:00,Monthly,Clothing and footwear,"Index, 2015=100",Portugal,2025-06,92.06,,
ESTAT:TEICP030(1.0),19/11/25 11:00:00,Monthly,Clothing and footwear,"Index, 2015=100",Portugal,2025-07,79.42,,
ESTAT:TEICP030(1.0),19/11/25 11:00:00,Monthly,Clothing and footwear,"Index, 2015=100",Portugal,2025-08,74.23,,
ESTAT:TEICP030(1.0),19/11/25 11:00:00,Monthly,Clothing and footwear,"Index, 2015=100",Portugal,2025-09,91.17,,
ESTAT:TEICP030(1.0),19/11/25 11:00:00,Monthly,Clothing and footwear,"Index, 2015=100",Portugal,2025-10,92.8,,
ESTAT:TEICP030(1.0),19/11/25 11:00:00,Monthly,Clothing and footwear,"Index, 2015=100",Romania,2024-11,148.79,,
ESTAT:TEICP030(1.0),19/11/25 11:00:00,Monthly,Clothing and footwear,"Index, 2015=100",Romania,2024-12,149.07,,
ESTAT:TEICP030(1.0),19/11/25 11:00:00,Monthly,Clothing and footwear,"Index, 2015=100",Romania,2025-01,149.13,,
ESTAT:TEICP030(1.0),19/11/25 11:00:00,Monthly,Clothing and footwear,"Index, 2015=100",Romania,2025-02,149.39,,
ESTAT:TEICP030(1.0),19/11/25 11:00:00,Monthly,Clothing and footwear,"Index, 2015=100",Romania,2025-03,150.13,,
ESTAT:TEICP030(1.0),19/11/25 11:00:00,Monthly,Clothing and footwear,"Index, 2015=100",Romania,2025-04,151.13,,
ESTAT:TEICP030(1.0),19/11/25 11:00:00,Monthly,Clothing and footwear,"Index, 2015=100",Romania,2025-05,151.95,,
ESTAT:TEICP030(1.0),19/11/25 11:00:00,Monthly,Clothing and footwear,"Index, 2015=100",Romania,2025-06,152.76,,
ESTAT:TEICP030(1.0),19/11/25 11:00:00,Monthly,Clothing and footwear,"Index, 2015=100",Romania,2025-07,152.92,,
ESTAT:TEICP030(1.0),19/11/25 11:00:00,Monthly,Clothing and footwear,"Index, 2015=100",Romania,2025-08,154.24,,
ESTAT:TEICP030(1.0),19/11/25 11:00:00,Monthly,Clothing and footwear,"Index, 2015=100",Romania,2025-09,155.97,,
ESTAT:TEICP030(1.0),19/11/25 11:00:00,Monthly,Clothing and footwear,"Index, 2015=100",Romania,2025-10,157.29,,
ESTAT:TEICP030(1.0),19/11/25 11:00:00,Monthly,Clothing and footwear,"Index, 2015=100",Serbia,2024-11,115.6,d,
ESTAT:TEICP030(1.0),19/11/25 11:00:00,Monthly,Clothing and footwear,"Index, 2015=100",Serbia,2024-12,116.5,d,
ESTAT:TEICP030(1.0),19/11/25 11:00:00,Monthly,Clothing and footwear,"Index, 2015=100",Serbia,2025-01,115.9,d,
ESTAT:TEICP030(1.0),19/11/25 11:00:00,Monthly,Clothing and footwear,"Index, 2015=100",Serbia,2025-02,115.6,d,
ESTAT:TEICP030(1.0),19/11/25 11:00:00,Monthly,Clothing and footwear,"Index, 2015=100",Serbia,2025-03,115.5,d,
ESTAT:TEICP030(1.0),19/11/25 11:00:00,Monthly,Clothing and footwear,"Index, 2015=100",Serbia,2025-04,118.1,d,
ESTAT:TEICP030(1.0),19/11/25 11:00:00,Monthly,Clothing and footwear,"Index, 2015=100",Serbia,2025-05,118.6,d,
ESTAT:TEICP030(1.0),19/11/25 11:00:00,Monthly,Clothing and footwear,"Index, 2015=100",Serbia,2025-06,119,d,
ESTAT:TEICP030(1.0),19/11/25 11:00:00,Monthly,Clothing and footwear,"Index, 2015=100",Serbia,2025-07,118.3,d,
ESTAT:TEICP030(1.0),19/11/25 11:00:00,Monthly,Clothing and footwear,"Index, 2015=100",Serbia,2025-08,117.1,d,
ESTAT:TEICP030(1.0),19/11/25 11:00:00,Monthly,Clothing and footwear,"Index, 2015=100",Serbia,2025-09,117,d,
ESTAT:TEICP030(1.0),19/11/25 11:00:00,Monthly,Clothing and footwear,"Index, 2015=100",Serbia,2025-10,118.3,d,
ESTAT:TEICP030(1.0),19/11/25 11:00:00,Monthly,Clothing and footwear,"Index, 2015=100",Sweden,2024-11,125.94,,
ESTAT:TEICP030(1.0),19/11/25 11:00:00,Monthly,Clothing and footwear,"Index, 2015=100",Sweden,2024-12,127.56,,
ESTAT:TEICP030(1.0),19/11/25 11:00:00,Monthly,Clothing and footwear,"Index, 2015=100",Sweden,2025-01,120.21,,
ESTAT:TEICP030(1.0),19/11/25 11:00:00,Monthly,Clothing and footwear,"Index, 2015=100",Sweden,2025-02,123.97,,
ESTAT:TEICP030(1.0),19/11/25 11:00:00,Monthly,Clothing and footwear,"Index, 2015=100",Sweden,2025-03,124.17,,
ESTAT:TEICP030(1.0),19/11/25 11:00:00,Monthly,Clothing and footwear,"Index, 2015=100",Sweden,2025-04,125.82,,
ESTAT:TEICP030(1.0),19/11/25 11:00:00,Monthly,Clothing and footwear,"Index, 2015=100",Sweden,2025-05,127.37,,
ESTAT:TEICP030(1.0),19/11/25 11:00:00,Monthly,Clothing and footwear,"Index, 2015=100",Sweden,2025-06,125.18,,
ESTAT:TEICP030(1.0),19/11/25 11:00:00,Monthly,Clothing and footwear,"Index, 2015=100",Sweden,2025-07,119.43,,
ESTAT:TEICP030(1.0),19/11/25 11:00:00,Monthly,Clothing and footwear,"Index, 2015=100",Sweden,2025-08,125.86,,
ESTAT:TEICP030(1.0),19/11/25 11:00:00,Monthly,Clothing and footwear,"Index, 2015=100",Sweden,2025-09,127.94,,
ESTAT:TEICP030(1.0),19/11/25 11:00:00,Monthly,Clothing and footwear,"Index, 2015=100",Sweden,2025-10,128.14,,
ESTAT:TEICP030(1.0),19/11/25 11:00:00,Monthly,Clothing and footwear,"Index, 2015=100",Slovenia,2024-11,111.4,,
ESTAT:TEICP030(1.0),19/11/25 11:00:00,Monthly,Clothing and footwear,"Index, 2015=100",Slovenia,2024-12,109.37,,
ESTAT:TEICP030(1.0),19/11/25 11:00:00,Monthly,Clothing and footwear,"Index, 2015=100",Slovenia,2025-01,98.55,,
ESTAT:TEICP030(1.0),19/11/25 11:00:00,Monthly,Clothing and footwear,"Index, 2015=100",Slovenia,2025-02,100.81,,
ESTAT:TEICP030(1.0),19/11/25 11:00:00,Monthly,Clothing and footwear,"Index, 2015=100",Slovenia,2025-03,109.6,,
ESTAT:TEICP030(1.0),19/11/25 11:00:00,Monthly,Clothing and footwear,"Index, 2015=100",Slovenia,2025-04,114.42,,
ESTAT:TEICP030(1.0),19/11/25 11:00:00,Monthly,Clothing and footwear,"Index, 2015=100",Slovenia,2025-05,112.1,,
ESTAT:TEICP030(1.0),19/11/25 11:00:00,Monthly,Clothing and footwear,"Index, 2015=100",Slovenia,2025-06,110.4,,
ESTAT:TEICP030(1.0),19/11/25 11:00:00,Monthly,Clothing and footwear,"Index, 2015=100",Slovenia,2025-07,98.3,,
ESTAT:TEICP030(1.0),19/11/25 11:00:00,Monthly,Clothing and footwear,"Index, 2015=100",Slovenia,2025-08,96.35,,
ESTAT:TEICP030(1.0),19/11/25 11:00:00,Monthly,Clothing and footwear,"Index, 2015=100",Slovenia,2025-09,106.06,,
ESTAT:TEICP030(1.0),19/11/25 11:00:00,Monthly,Clothing and footwear,"Index, 2015=100",Slovenia,2025-10,109.11,,
ESTAT:TEICP030(1.0),19/11/25 11:00:00,Monthly,Clothing and footwear,"Index, 2015=100",Slovakia,2024-11,121.47,,
ESTAT:TEICP030(1.0),19/11/25 11:00:00,Monthly,Clothing and footwear,"Index, 2015=100",Slovakia,2024-12,121.45,,
ESTAT:TEICP030(1.0),19/11/25 11:00:00,Monthly,Clothing and footwear,"Index, 2015=100",Slovakia,2025-01,120.12,,
ESTAT:TEICP030(1.0),19/11/25 11:00:00,Monthly,Clothing and footwear,"Index, 2015=100",Slovakia,2025-02,119.87,,
ESTAT:TEICP030(1.0),19/11/25 11:00:00,Monthly,Clothing and footwear,"Index, 2015=100",Slovakia,2025-03,121.91,,
ESTAT:TEICP030(1.0),19/11/25 11:00:00,Monthly,Clothing and footwear,"Index, 2015=100",Slovakia,2025-04,122.75,,
ESTAT:TEICP030(1.0),19/11/25 11:00:00,Monthly,Clothing and footwear,"Index, 2015=100",Slovakia,2025-05,123.49,,
ESTAT:TEICP030(1.0),19/11/25 11:00:00,Monthly,Clothing and footwear,"Index, 2015=100",Slovakia,2025-06,123.63,,
ESTAT:TEICP030(1.0),19/11/25 11:00:00,Monthly,Clothing and footwear,"Index, 2015=100",Slovakia,2025-07,122.88,,
ESTAT:TEICP030(1.0),19/11/25 11:00:00,Monthly,Clothing and footwear,"Index, 2015=100",Slovakia,2025-08,122.45,,
ESTAT:TEICP030(1.0),19/11/25 11:00:00,Monthly,Clothing and footwear,"Index, 2015=100",Slovakia,2025-09,123.1,,
ESTAT:TEICP030(1.0),19/11/25 11:00:00,Monthly,Clothing and footwear,"Index, 2015=100",Slovakia,2025-10,123.78,,
ESTAT:TEICP030(1.0),19/11/25 11:00:00,Monthly,Clothing and footwear,"Index, 2015=100",Türkiye,2024-11,428.55,d,
ESTAT:TEICP030(1.0),19/11/25 11:00:00,Monthly,Clothing and footwear,"Index, 2015=100",Türkiye,2024-12,425.71,d,
ESTAT:TEICP030(1.0),19/11/25 11:00:00,Monthly,Clothing and footwear,"Index, 2015=100",Türkiye,2025-01,403.7,d,
ESTAT:TEICP030(1.0),19/11/25 11:00:00,Monthly,Clothing and footwear,"Index, 2015=100",Türkiye,2025-02,383.26,d,
ESTAT:TEICP030(1.0),19/11/25 11:00:00,Monthly,Clothing and footwear,"Index, 2015=100",Türkiye,2025-03,373.76,d,
ESTAT:TEICP030(1.0),19/11/25 11:00:00,Monthly,Clothing and footwear,"Index, 2015=100",Türkiye,2025-04,398.07,d,
ESTAT:TEICP030(1.0),19/11/25 11:00:00,Monthly,Clothing and footwear,"Index, 2015=100",Türkiye,2025-05,425.84,d,
ESTAT:TEICP030(1.0),19/11/25 11:00:00,Monthly,Clothing and footwear,"Index, 2015=100",Türkiye,2025-06,424.69,d,
ESTAT:TEICP030(1.0),19/11/25 11:00:00,Monthly,Clothing and footwear,"Index, 2015=100",Türkiye,2025-07,399.96,d,
ESTAT:TEICP030(1.0),19/11/25 11:00:00,Monthly,Clothing and footwear,"Index, 2015=100",Türkiye,2025-08,397.08,d,
ESTAT:TEICP030(1.0),19/11/25 11:00:00,Monthly,Clothing and footwear,"Index, 2015=100",Türkiye,2025-09,412.68,d,
ESTAT:TEICP030(1.0),19/11/25 11:00:00,Monthly,Clothing and footwear,"Index, 2015=100",Türkiye,2025-10,463.96,d,
ESTAT:TEICP030(1.0),19/11/25 11:00:00,Monthly,Clothing and footwear,"Index, 2015=100",United States,2024-11,104.63,d,
ESTAT:TEICP030(1.0),19/11/25 11:00:00,Monthly,Clothing and footwear,"Index, 2015=100",United States,2024-12,102.72,d,
ESTAT:TEICP030(1.0),19/11/25 11:00:00,Monthly,Clothing and footwear,"Index, 2015=100",Kosovo*,2024-11,109.68,d,
ESTAT:TEICP030(1.0),19/11/25 11:00:00,Monthly,Clothing and footwear,"Index, 2015=100",Kosovo*,2024-12,109.85,d,
ESTAT:TEICP030(1.0),19/11/25 11:00:00,Monthly,Clothing and footwear,"Index, 2015=100",Kosovo*,2025-01,110.07,d,
ESTAT:TEICP030(1.0),19/11/25 11:00:00,Monthly,Clothing and footwear,"Index, 2015=100",Kosovo*,2025-02,110.31,d,
ESTAT:TEICP030(1.0),19/11/25 11:00:00,Monthly,Clothing and footwear,"Index, 2015=100",Kosovo*,2025-03,111.93,d,
ESTAT:TEICP030(1.0),19/11/25 11:00:00,Monthly,Clothing and footwear,"Index, 2015=100",Kosovo*,2025-04,111.48,d,
ESTAT:TEICP030(1.0),19/11/25 11:00:00,Monthly,Clothing and footwear,"Index, 2015=100",Kosovo*,2025-05,111.72,d,
ESTAT:TEICP030(1.0),19/11/25 11:00:00,Monthly,Clothing and footwear,"Index, 2015=100",Kosovo*,2025-06,111.99,d,
ESTAT:TEICP030(1.0),19/11/25 11:00:00,Monthly,Clothing and footwear,"Index, 2015=100",Kosovo*,2025-07,111.7,d,
ESTAT:TEICP030(1.0),19/11/25 11:00:00,Monthly,Clothing and footwear,"Index, 2015=100",Kosovo*,2025-08,111.59,d,
ESTAT:TEICP030(1.0),19/11/25 11:00:00,Monthly,Clothing and footwear,"Index, 2015=100",Kosovo*,2025-09,111.68,d,
ESTAT:TEICP030(1.0),19/11/25 11:00:00,Monthly,Clothing and footwear,"Index, 2015=100",Kosovo*,2025-10,112.31,d,
